rsid,chromosome,position,genotype
rs67274836,1,884767,GG
rs13302945,1,889159,CC
rs13303106,1,891945,AA
rs13303010,1,894573,AA
rs6696281,1,903104,CC
rs2340592,1,910935,AA
rs13303118,1,918384,GT
rs78164078,1,921071,GG
rs6665000,1,924898,AA
rs2341362,1,927309,CC
rs9777703,1,928836,TT
rs139739199,1,935071,CC
rs142946364,1,937529,GG
rs3128117,1,944564,CT
rs2341365,1,948692,AA
rs15842,1,948921,CC
rs6657048,1,957640,CC
rs2710888,1,959842,CT
rs3128126,1,962210,AG
rs13303147,1,963661,CC
rs2710875,1,977780,TT
rs13303307,1,988310,AA
rs2465136,1,990417,CT
rs2488991,1,994391,TT
rs3934834,1,1005806,CT
rs10907177,1,1021346,AG
rs11260588,1,1021658,GG
rs74443381,1,1024479,CC
rs9442400,1,1025301,CC
rs77334480,1,1027888,CC
rs12731175,1,1030374,GG
rs6687776,1,1030565,CC
rs9651273,1,1031540,AG
rs4970405,1,1048955,AA
rs12726255,1,1049950,AA
rs9442373,1,1062638,AC
rs2298217,1,1064979,CC
rs4072537,1,1065296,CC
rs12145826,1,1066029,AG
rs9442380,1,1087683,CC
rs7553429,1,1090557,AA
rs4970362,1,1094738,AG
rs1891905,1,1100217,TT
rs4442317,1,1106784,CT
rs11260542,1,1110019,AA
rs61768483,1,1110070,GG
rs9442387,1,1110586,CT
rs1320565,1,1119858,CC
rs116321663,1,1120377,TT
rs11260549,1,1121794,GG
rs9729550,1,1135242,AC